Year,#,Club, club abbrevation,Matches Played,Wins,Draws,Lose,Goals scored,Goals conceded,+/-,Points
2025,1,Liverpool FC,0,33,24,7,2,75,31,44,79
2025,2,Arsenal FC,0,34,18,13,3,63,29,34,67
2025,3,Manchester City,0,34,18,7,9,66,43,23,61
2025,4,Nottingham Forest,0,33,18,6,9,53,39,14,60
2025,5,Newcastle United,0,33,18,5,10,62,44,18,59
2025,6,Chelsea FC,0,33,16,9,8,58,40,18,57
2025,7,Aston Villa,0,34,16,9,9,54,49,5,57
2025,8,AFC Bournemouth,0,33,13,10,10,52,40,12,49
2025,9,Fulham FC,0,33,13,9,11,48,45,3,48
2025,10,Brighton & Hove Albion,0,33,12,12,9,53,53,0,48
2025,11,Brentford FC,0,33,13,7,13,56,50,6,46
2025,12,Crystal Palace,0,34,11,12,11,43,47,-4,45
2025,13,Everton FC,0,33,8,14,11,34,40,-6,38
2025,14,Manchester United,0,33,10,8,15,38,46,-8,38
2025,15,Wolverhampton Wanderers,0,33,11,5,17,48,61,-13,38
2025,16,Tottenham Hotspur,0,33,11,4,18,61,51,10,37
2025,17,West Ham United,0,33,9,9,15,37,55,-18,36
2025,18,Ipswich Town,0,33,4,9,20,33,71,-38,21
2025,19,Leicester City,0,33,4,6,23,27,73,-46,18
2025,20,Southampton,0,33,2,5,26,24,78,-54,11
2024,1,Manchester City,0,38,28,7,3,96,34,62,91
2024,2,Arsenal FC,0,38,28,5,5,91,29,62,89
2024,3,Liverpool FC,0,38,24,10,4,86,41,45,82
2024,4,Aston Villa,0,38,20,8,10,76,61,15,68
2024,5,Tottenham Hotspur,0,38,20,6,12,74,61,13,66
2024,6,Chelsea FC,0,38,18,9,11,77,63,14,63
2024,7,Newcastle United,0,38,18,6,14,85,62,23,60
2024,8,Manchester United,0,38,18,6,14,57,58,-1,60
2024,9,West Ham United,0,38,14,10,14,60,74,-14,52
2024,10,Crystal Palace,0,38,13,10,15,57,58,-1,49
2024,11,Brighton & Hove Albion,0,38,12,12,14,55,62,-7,48
2024,12,AFC Bournemouth,0,38,13,9,16,54,67,-13,48
2024,13,Fulham FC,0,38,13,8,17,55,61,-6,47
2024,14,Wolverhampton Wanderers,0,38,13,7,18,50,65,-15,46
2024,15,Everton FC,0,38,13,9,16,40,51,-11,40
2024,16,Brentford FC,0,38,10,9,19,56,65,-9,39
2024,17,Nottingham Forest,0,38,9,9,20,49,67,-18,32
2024,18,Luton Town,0,38,6,8,24,52,85,-33,26
2024,19,Burnley FC,0,38,5,9,24,41,78,-37,24
2024,20,Sheffield United,0,38,3,7,28,35,104,-69,16
2023,1,Manchester City,Man City,38,28,5,5,94,33,61,89
2023,2,Arsenal FC,Arsenal,38,26,6,6,88,43,45,84
2023,3,Manchester United,Man Utd,38,23,6,9,58,43,15,75
2023,4,Newcastle United,Newcastle,38,19,14,5,68,33,35,71
2023,5,Liverpool FC,Liverpool,38,19,10,9,75,47,28,67
2023,6,Brighton & Hove Albion,Brighton,38,18,8,12,72,53,19,62
2023,7,Aston Villa,Aston Villa,38,18,7,13,51,46,5,61
2023,8,Tottenham Hotspur,Tottenham,38,18,6,14,70,63,7,60
2023,9,Brentford FC,Brentford,38,15,14,9,58,46,12,59
2023,10,Fulham FC,Fulham,38,15,7,16,55,53,2,52
2023,11,Crystal Palace,Crystal Palace,38,11,12,15,40,49,-9,45
2023,12,Chelsea FC,Chelsea,38,11,11,16,38,47,-9,44
2023,13,Wolverhampton Wanderers,Wolves,38,11,8,19,31,58,-27,41
2023,14,West Ham United,West Ham,38,11,7,20,42,55,-13,40
2023,15,AFC Bournemouth,Bournemouth,38,11,6,21,37,71,-34,39
2023,16,Nottingham Forest,Nottm Forest,38,9,11,18,38,68,-30,38
2023,17,Everton FC,Everton,38,8,12,18,34,57,-23,36
2023,18,Leicester City,Leicester,38,9,7,22,51,68,-17,34
2023,19,Leeds United,Leeds,38,7,10,21,48,78,-30,31
2023,20,Southampton FC,Southampton,38,6,7,25,36,73,-37,25
2022,1,Manchester City,Man City,38,29,6,3,99,26,73,93
2022,2,Liverpool FC,Liverpool,38,28,8,2,94,26,68,92
2022,3,Chelsea FC,Chelsea,38,21,11,6,76,33,43,74
2022,4,Tottenham Hotspur,Tottenham,38,22,5,11,69,40,29,71
2022,5,Arsenal FC,Arsenal,38,22,3,13,61,48,13,69
2022,6,Manchester United,Man Utd,38,16,10,12,57,57,0,58
2022,7,West Ham United,West Ham,38,16,8,14,60,51,9,56
2022,8,Leicester City,Leicester,38,14,10,14,62,59,3,52
2022,9,Brighton & Hove Albion,Brighton,38,12,15,11,42,44,-2,51
2022,10,Wolverhampton Wanderers,Wolves,38,15,6,17,38,43,-5,51
2022,11,Newcastle United,Newcastle,38,13,10,15,44,62,-18,49
2022,12,Crystal Palace,Crystal Palace,38,11,15,12,50,46,4,48
2022,13,Brentford FC,Brentford,38,13,7,18,48,56,-8,46
2022,14,Aston Villa,Aston Villa,38,13,6,19,52,54,-2,45
2022,15,Southampton FC,Southampton,38,9,13,16,43,67,-24,40
2022,16,Everton FC,Everton,38,11,6,21,43,66,-23,39
2022,17,Leeds United,Leeds,38,9,11,18,42,79,-37,38
2022,18,Burnley FC,Burnley,38,7,14,17,34,53,-19,35
2022,19,Watford FC,Watford,38,6,5,27,34,77,-43,23
2022,20,Norwich City,Norwich,38,5,7,26,23,84,-61,22
2021,1,Manchester City,Man City,38,27,5,6,83,32,51,86
2021,2,Manchester United,Man Utd,38,21,11,6,73,44,29,74
2021,3,Liverpool FC,Liverpool,38,20,9,9,68,42,26,69
2021,4,Chelsea FC,Chelsea,38,19,10,9,58,36,22,67
2021,5,Leicester City,Leicester,38,20,6,12,68,50,18,66
2021,6,West Ham United,West Ham,38,19,8,11,62,47,15,65
2021,7,Tottenham Hotspur,Tottenham,38,18,8,12,68,45,23,62
2021,8,Arsenal FC,Arsenal,38,18,7,13,55,39,16,61
2021,9,Leeds United,Leeds,38,18,5,15,62,54,8,59
2021,10,Everton FC,Everton,38,17,8,13,47,48,-1,59
2021,11,Aston Villa,Aston Villa,38,16,7,15,55,46,9,55
2021,12,Newcastle United,Newcastle,38,12,9,17,46,62,-16,45
2021,13,Wolverhampton Wanderers,Wolves,38,12,9,17,36,52,-16,45
2021,14,Crystal Palace,Crystal Palace,38,12,8,18,41,66,-25,44
2021,15,Southampton FC,Southampton,38,12,7,19,47,68,-21,43
2021,16,Brighton & Hove Albion,Brighton,38,9,14,15,40,46,-6,41
2021,17,Burnley FC,Burnley,38,10,9,19,33,55,-22,39
2021,18,Fulham FC,Fulham,38,5,13,20,27,53,-26,28
2021,19,West Bromwich Albion,West Brom,38,5,11,22,35,76,-41,26
2021,20,Sheffield United,Sheff Utd,38,7,2,29,20,63,-43,23
2020,1,Liverpool FC,Liverpool,38,32,3,3,85,33,52,99
2020,2,Manchester City,Man City,38,26,3,9,102,35,67,81
2020,3,Manchester United,Man Utd,38,18,12,8,66,36,30,66
2020,4,Chelsea FC,Chelsea,38,20,6,12,69,54,15,66
2020,5,Leicester City,Leicester,38,18,8,12,67,41,26,62
2020,6,Tottenham Hotspur,Tottenham,38,16,11,11,61,47,14,59
2020,7,Wolverhampton Wanderers,Wolves,38,15,14,9,51,40,11,59
2020,8,Arsenal FC,Arsenal,38,14,14,10,56,48,8,56
2020,9,Sheffield United,Sheff Utd,38,14,12,12,39,39,0,54
2020,10,Burnley FC,Burnley,38,15,9,14,43,50,-7,54
2020,11,Southampton FC,Southampton,38,15,7,16,51,60,-9,52
2020,12,Everton FC,Everton,38,13,10,15,44,56,-12,49
2020,13,Newcastle United,Newcastle,38,11,11,16,38,58,-20,44
2020,14,Crystal Palace,Crystal Palace,38,11,10,17,31,50,-19,43
2020,15,Brighton & Hove Albion,Brighton,38,9,14,15,39,54,-15,41
2020,16,West Ham United,West Ham,38,10,9,19,49,62,-13,39
2020,17,Aston Villa,Aston Villa,38,9,8,21,41,67,-26,35
2020,18,AFC Bournemouth,Bournemouth,38,9,7,22,40,65,-25,34
2020,19,Watford FC,Watford,38,8,10,20,36,64,-28,34
2020,20,Norwich City,Norwich,38,5,6,27,26,75,-49,21
2019,1,Manchester City,Man City,38,32,2,4,95,23,72,98
2019,2,Liverpool FC,Liverpool,38,30,7,1,89,22,67,97
2019,3,Chelsea FC,Chelsea,38,21,9,8,63,39,24,72
2019,4,Tottenham Hotspur,Tottenham,38,23,2,13,67,39,28,71
2019,5,Arsenal FC,Arsenal,38,21,7,10,73,51,22,70
2019,6,Manchester United,Man Utd,38,19,9,10,65,54,11,66
2019,7,Wolverhampton Wanderers,Wolves,38,16,9,13,47,46,1,57
2019,8,Everton FC,Everton,38,15,9,14,54,46,8,54
2019,9,Leicester City,Leicester,38,15,7,16,51,48,3,52
2019,10,West Ham United,West Ham,38,15,7,16,52,55,-3,52
2019,11,Watford FC,Watford,38,14,8,16,52,59,-7,50
2019,12,Crystal Palace,Crystal Palace,38,14,7,17,51,53,-2,49
2019,13,Newcastle United,Newcastle,38,12,9,17,42,48,-6,45
2019,14,AFC Bournemouth,Bournemouth,38,13,6,19,56,70,-14,45
2019,15,Burnley FC,Burnley,38,11,7,20,45,68,-23,40
2019,16,Southampton FC,Southampton,38,9,12,17,45,65,-20,39
2019,17,Brighton & Hove Albion,Brighton,38,9,9,20,35,60,-25,36
2019,18,Cardiff City,Cardiff,38,10,4,24,34,69,-35,34
2019,19,Fulham FC,Fulham,38,7,5,26,34,81,-47,26
2019,20,Huddersfield Town,Huddersfield,38,3,7,28,22,76,-54,16
2018,1,Manchester City,Man City,38,32,4,2,106,27,79,100
2018,2,Manchester United,Man Utd,38,25,6,7,68,28,40,81
2018,3,Tottenham Hotspur,Tottenham,38,23,8,7,74,36,38,77
2018,4,Liverpool FC,Liverpool,38,21,12,5,84,38,46,75
2018,5,Chelsea FC,Chelsea,38,21,7,10,62,38,24,70
2018,6,Arsenal FC,Arsenal,38,19,6,13,74,51,23,63
2018,7,Burnley FC,Burnley,38,14,12,12,36,39,-3,54
2018,8,Everton FC,Everton,38,13,10,15,44,58,-14,49
2018,9,Leicester City,Leicester,38,12,11,15,56,60,-4,47
2018,10,Newcastle United,Newcastle,38,12,8,18,39,47,-8,44
2018,11,Crystal Palace,Crystal Palace,38,11,11,16,45,55,-10,44
2018,12,AFC Bournemouth,Bournemouth,38,11,11,16,45,61,-16,44
2018,13,West Ham United,West Ham,38,10,12,16,48,68,-20,42
2018,14,Watford FC,Watford,38,11,8,19,44,64,-20,41
2018,15,Brighton & Hove Albion,Brighton,38,9,13,16,34,54,-20,40
2018,16,Huddersfield Town,Huddersfield,38,9,10,19,28,58,-30,37
2018,17,Southampton FC,Southampton,38,7,15,16,37,56,-19,36
2018,18,Swansea City,Swansea,38,8,9,21,28,56,-28,33
2018,19,Stoke City,Stoke,38,7,12,19,35,68,-33,33
2018,20,West Bromwich Albion,West Brom,38,6,13,19,31,56,-25,31
2017,1,Chelsea FC,Chelsea,38,30,3,5,85,33,52,93
2017,2,Tottenham Hotspur,Tottenham,38,26,8,4,86,26,60,86
2017,3,Manchester City,Man City,38,23,9,6,80,39,41,78
2017,4,Liverpool FC,Liverpool,38,22,10,6,78,42,36,76
2017,5,Arsenal FC,Arsenal,38,23,6,9,77,44,33,75
2017,6,Manchester United,Man Utd,38,18,15,5,54,29,25,69
2017,7,Everton FC,Everton,38,17,10,11,62,44,18,61
2017,8,Southampton FC,Southampton,38,12,10,16,41,48,-7,46
2017,9,AFC Bournemouth,Bournemouth,38,12,10,16,55,67,-12,46
2017,10,West Bromwich Albion,West Brom,38,12,9,17,43,51,-8,45
2017,11,West Ham United,West Ham,38,12,9,17,47,64,-17,45
2017,12,Leicester City,Leicester,38,12,8,18,48,63,-15,44
2017,13,Stoke City,Stoke,38,11,11,16,41,56,-15,44
2017,14,Crystal Palace,Crystal Palace,38,12,5,21,50,63,-13,41
2017,15,Swansea City,Swansea,38,12,5,21,45,70,-25,41
2017,16,Burnley FC,Burnley,38,11,7,20,39,55,-16,40
2017,17,Watford FC,Watford,38,11,7,20,40,68,-28,40
2017,18,Hull City,Hull,38,9,7,22,39,80,-41,34
2017,19,Middlesbrough FC,Middlesbrough,38,5,13,20,27,53,-26,28
2017,20,Sunderland AFC,Sunderland,38,6,6,26,29,69,-40,24
2016,1,Leicester City,Leicester,38,23,12,3,68,36,32,81
2016,2,Arsenal FC,Arsenal,38,20,11,7,65,36,29,71
2016,3,Tottenham Hotspur,Tottenham,38,19,13,6,69,35,34,70
2016,4,Manchester City,Man City,38,19,9,10,71,41,30,66
2016,5,Manchester United,Man Utd,38,19,9,10,49,35,14,66
2016,6,Southampton FC,Southampton,38,18,9,11,59,41,18,63
2016,7,West Ham United,West Ham,38,16,14,8,65,51,14,62
2016,8,Liverpool FC,Liverpool,38,16,12,10,63,50,13,60
2016,9,Stoke City,Stoke,38,14,9,15,41,55,-14,51
2016,10,Chelsea FC,Chelsea,38,12,14,12,59,53,6,50
2016,11,Everton FC,Everton,38,11,14,13,59,55,4,47
2016,12,Swansea City,Swansea,38,12,11,15,42,52,-10,47
2016,13,Watford FC,Watford,38,12,9,17,40,50,-10,45
2016,14,West Bromwich Albion,West Brom,38,10,13,15,34,48,-14,43
2016,15,Crystal Palace,Crystal Palace,38,11,9,18,39,51,-12,42
2016,16,AFC Bournemouth,Bournemouth,38,11,9,18,45,67,-22,42
2016,17,Sunderland AFC,Sunderland,38,9,12,17,48,62,-14,39
2016,18,Newcastle United,Newcastle,38,9,10,19,44,65,-21,37
2016,19,Norwich City,Norwich,38,9,7,22,39,67,-28,34
2016,20,Aston Villa,Aston Villa,38,3,8,27,27,76,-49,17
